SPANISH,LITERAL ENGLISH,FAITHFUL ENGLISH,CULTURAL CONTEXT,TRANSLATION CLARIFICATION
Había una ciudad encantada en el cielo donde habitaban todos los placeres...,There was an enchanted city in the sky where all pleasures dwelt...,"In the sky, there was an enchanted city where pleasures abounded...",Heavenly cities in Mesoamerican myths often symbolize abundance and divine origins.,Faithful smooths sentence structure while keeping mythical tone.
"Cihuacohuatl, una de las que la habitaba...","Cihuacohuatl, one of the inhabitants, gave birth to a knife splinter...","Cihuacohuatl, among its inhabitants, bore a knife splinter...",Cihuacohuatl ('Snake Woman') is key in Aztec mythology as mother figure.,Faithful tightens phrasing and clarifies mythological identity.
Sus indignados hijos la arrojaron a la tierra...,Her indignant children threw her to the earth...,Her enraged children cast her down to earth...,Casting down represents divine beings' conflict and fall from grace.,Faithful uses 'cast' for poetic connotation.
Se dividió en dieciséis mil semi-doses...,It divided into sixteen thousand semi-gods...,It split into sixteen thousand semi-divine beings...,Reference to mythological proliferation and semi-divine ancestry.,Faithful rephrases 'semi-gods' to clearer 'semi-divine beings'.
Siguieron el consejo de su madre...,They followed their mother’s advice...,Following their mother's counsel...,Maternal guidance is recurrent in indigenous myths.,Minor naturalization of phrasing.
Al cuarto día nació un muchacho...,On the fourth day a boy was born...,A boy was born on the fourth day...,Birth timing often carries sacred significance in indigenous beliefs.,Faithful reorders naturally for English.
La diferencia en las estaturas...,The difference in people's heights is explained...,The varying heights of people are explained...,Origins of physical differences tied to mythic bone fragments.,Faithful makes phrasing more natural.
La diosa Cihuacohuatl es la principal de la mitología...,The goddess Cihuacohuatl is the principal one in mythology...,"Cihuacohuatl, goddess and serpent woman, is central to mythology...",Cihuacohuatl embodies powerful feminine and maternal mythic archetypes.,Faithful adds gloss 'serpent woman' and smooths.
Aparecía a los hombres ricamente vestida...,She appeared to men richly dressed...,She would appear to men in splendid attire...,Rich clothing in visions often signifies divine majesty.,Faithful makes description more evocative.
Después creían que se había encarnado en el tabaco...,Later they believed she had incarnated as tobacco...,"Later, they believed she incarnated in the form of tobacco...",Tobacco was sacred in Mesoamerican cultures.,Faithful clarifies phrasing.
